Name,Price,Manufactured Year,Mileage,NewMil,CC,Condition,Link
2009 Toyota Vios 1.5 (M),28500,2009,140 000 - 149 999,145000,1500 cc,Used,https://www.mudah.my/2009+Toyota+Vios+1+5+M+-76093480.htm
2011 Toyota Vios 1.5 (M),43333,2011,100 000 - 109 999,105000,1500 cc,Used,https://www.mudah.my/2011+Toyota+Vios+1+5+M+-76144282.htm
2014 Toyota Vios 1.5 (A),46500,2014,55 000 - 59 999,57500,1500 cc,Used,https://www.mudah.my/2014+Toyota+Vios+1+5+A+-76030273.htm
2017 Toyota Vios 1.5 GX,66000,2017,20 000 - 24 999,22500,1496 cc,Used,https://www.mudah.my/2017+Toyota+Vios+1+5+GX-76031532.htm
2010 Toyota Vios 1.5 (A),37000,2010,140 000 - 149 999,145000,1500 cc,Used,https://www.mudah.my/2010+Toyota+Vios+1+5+A+-75928328.htm
2009 Toyota Vios 1.5 (A),30000,2009,80 000 - 84 999,82500,1500 cc,Used,https://www.mudah.my/2009+Toyota+Vios+1+5+A+-75786455.htm
2014 Toyota Vios 1.5 E (A),44999,2014,100 000 - 109 999,105000,1497 cc,Used,https://www.mudah.my/2014+Toyota+Vios+1+5+E+A+-75749088.htm
2007 Toyota Vios 1.6 (A),19500,2006,80 000 - 84 999,82500,1600 cc,Used,https://www.mudah.my/2007+Toyota+Vios+1+6+A+-75787597.htm
2007 Toyota Vios 1.5 (A),23000,2007,110 000 - 119 999,115000,1500 cc,Used,https://www.mudah.my/2007+Toyota+Vios+1+5+A+-75704476.htm
2006 Toyota Vios 1.5 (A),21500,2006,100 000 - 109 999,105000,1500 cc,Used,https://www.mudah.my/2006+Toyota+Vios+1+5+A+-75694046.htm
2012 Toyota Vios 1.5 (A),38500,2012,160 000 - 169 999,165000,1500 cc,Used,https://www.mudah.my/2012+Toyota+Vios+1+5+A+-75694026.htm
2013 Toyota Vios 1.5 J (A),43700,2013,35 000 - 39 999,37500,1497 cc,Used,https://www.mudah.my/2013+Toyota+Vios+1+5+J+A+-73846628.htm
2014 Toyota Vios 1.5 (A),49000,2014,55 000 - 59 999,57500,1500 cc,Used,https://www.mudah.my/2014+Toyota+Vios+1+5+A+-75526453.htm
2014 Toyota Vios 1.5 (A),49500,2014,65 000 - 69 999,67500,1500 cc,Used,https://www.mudah.my/2014+Toyota+Vios+1+5+A+-75526456.htm
2011 Toyota Vios 1.5 (M),35000,2011,80 000 - 84 999,82500,1497 cc,Used,https://www.mudah.my/2011+Toyota+Vios+1+5+M+-75513656.htm
2015 Toyota Vios 1.5 (A),58000,2015,80 000 - 84 999,82500,1500 cc,Used,https://www.mudah.my/2015+Toyota+Vios+1+5+A+-75532983.htm
2007 Toyota Vios 1.5 (A),22000,2007,120 000 - 129 999,125000,1500 cc,Used,https://www.mudah.my/2007+Toyota+Vios+1+5+A+-75441224.htm
2005 Toyota Vios 1.5 (A),17500,2005,160 000 - 169 999,165000,1500 cc,Used,https://www.mudah.my/2005+Toyota+Vios+1+5+A+-75421614.htm
2006 Toyota Vios 1.5 (A),17800,2006,80 000 - 84 999,82500,1500 cc,Used,https://www.mudah.my/2006+Toyota+Vios+1+5+A+-75421278.htm
2012 Toyota Vios 1.5 E (AT),37000,2012,100 000 - 109 999,105000,1500 cc,Used,https://www.mudah.my/2012+Toyota+Vios+1+5+E+AT+-75400997.htm
2014 Toyota Vios 1.5G (A),54999,2014,120 000 - 129 999,125000,1500 cc,Used,https://www.mudah.my/2014+Toyota+Vios+1+5G+A+-73963322.htm
2008 Toyota Vios 1.6 (A),27000,2008,180 000 - 189 999,185000,1588 cc,Used,https://www.mudah.my/2008+Toyota+Vios+1+6+A+-75377796.htm
2009 Toyota Vios 1.5 (A) HARGA ON THE ROAD,28700,2009,150 000 - 159 999,155000,1497 cc,Used,https://www.mudah.my/2009+Toyota+Vios+1+5+A+HARGA+ON+THE+ROAD-75348050.htm
2013 Toyota Vios 1.5 (A),40000,2013,45 000 - 49 999,47500,1500 cc,Used,https://www.mudah.my/2013+Toyota+Vios+1+5+A+-75330704.htm
2014 Toyota Vios 1.5 (A),45000,2014,100 000 - 109 999,105000,1500 cc,Used,https://www.mudah.my/2014+Toyota+Vios+1+5+A+-75289953.htm
Toyota vios 1.5 (a) 2005,17999,2005,150 000 - 159 999,155000,1500 cc,Used,https://www.mudah.my/Toyota+vios+1+5+a+2005-75283167.htm
2015 Toyota Vios 1.5 (A),55000,2015,35 000 - 39 999,37500,1500 cc,Used,https://www.mudah.my/2015+Toyota+Vios+1+5+A+-75294918.htm
2014 Toyota Vios 1.5 (A),59000,2014,60 000 - 64 999,62500,1500 cc,Used,https://www.mudah.my/2014+Toyota+Vios+1+5+A+-75291238.htm
2015 Toyota Vios 1.5 (A),53000,2015,95 000 - 99 999,97500,1497 cc,Used,https://www.mudah.my/2015+Toyota+Vios+1+5+A+-75290689.htm
2007 Toyota Vios 1.5 (A),19500,2007,20 000 - 24 999,22500,1500 cc,Used,https://www.mudah.my/2007+Toyota+Vios+1+5+A+-75233101.htm
2006 Toyota Vios 1.5 (A) G spec,18800,2006,0 - 4 999,2500,1500 cc,Used,https://www.mudah.my/2006+Toyota+Vios+1+5+A+G+spec-75140575.htm
2005 Toyota Vios 1.5 (A),15500,2005,150 000 - 159 999,155000,1497 cc,Used,https://www.mudah.my/2005+Toyota+Vios+1+5+A+-75137710.htm
2016 Toyota Vios 1.5 (A),52000,2016,40 000 - 44 999,42500,1500 cc,Used,https://www.mudah.my/2016+Toyota+Vios+1+5+A+-75152775.htm
2014 Toyota Vios 1.5 (A),54000,2014,100 000 - 109 999,105000,1500 cc,Used,https://www.mudah.my/2014+Toyota+Vios+1+5+A+-75048229.htm
2014 Toyota Vios 1.5 (A),47000,2014,100 000 - 109 999,105000,1500 cc,Used,https://www.mudah.my/2014+Toyota+Vios+1+5+A+-74944636.htm
"2009 Toyota Vios 1,5cc (A)",30000,2009,10 000 - 14 999,12500,1500 cc,New,https://www.mudah.my/2009+Toyota+Vios+1+5cc+A+-74966937.htm
2007 Toyota Vios 1.5 (A),19300,2007,300 000 - 349 999,325000,1500 cc,Used,https://www.mudah.my/2007+Toyota+Vios+1+5+A+-74899338.htm
2017 Toyota Vios 15cc (A),66000,2017,25 000 - 29 999,27500,15 cc,Used,https://www.mudah.my/2017+Toyota+Vios+15cc+A+-74910624.htm
2004 Toyota Vios 1.5 (A),18500,2004,120 000 - 129 999,125000,1500 cc,Used,https://www.mudah.my/2004+Toyota+Vios+1+5+A+-74837215.htm?last=1
